"Chipsea Technologies(Shenzhen) Corp.",
"IntegraOptics",
"3D Imaging & Simulations Corp",
"ABB AS, Division Automation Products",
"ABUS Security-Center GmbH & Co. KG",
"ACTIVE IMAGING PLC",
"ACUITY IMAGING, INC.",
"ADC - Global Connectivity Solutions Division",
"ADV Security (S) Pte Ltd",
"ADVANCED-VISION TECHNOLGIES CORP.",
"AIRTECH TECHNOLOGIES, INC.",
"ARCHIPEL SA",
"ARTECHE GROUP",
"ARVOO Imaging Products BV",
"AUTOVISION Co., Ltd",
"AVALON IMAGING SYSTEMS, INC.",
"Ace Axis Limited",
"Action Imaging Solutions",
"Adva Network Security GmbH",
"Advance Security Electronics",
"Advance Vision Electronics Co. Ltd.",
"Advanced Television Systems Committee, Inc.",
"Airtech I&C Co., Ltd",
"Ajin Vision Co.,Ltd",
"Allied Vision Technologies",
"Allied Vision Technologies Canada Inc",
"Alpha Security Products",
"American Security Products Co.",
"Aonvision Technolopy Corp.",
"Apogee Imaging Systems",
"Apollo Imaging Technologies, Inc.",
"Application Solutions (Electronics and Vision) Ltd",
"Applied Vision Corporation",
"Arecont Vision",
"Artech Electronics",
"Atelier Vision Corporation",
"Ava Security Limited",
"Avision, Inc.",
"Axis Communications AB",
"Ayon Cyber Security, Inc",
"BARTECH SYSTEMS INTERNATIONAL, INC",
"BAXALL SECURITY LTD.",
"BEIJING MICROVISION TECHNOLOGY CO.,LTD",
"BOCOM SECURITY(ASIA PACIFIC) LIMITED",
"BROADCAST TELEVISION SYSTEMS",
"Beijing Nari Smartchip Microelectronics Company Limited",
"Beijing NeTopChip Technology Co.,LTD",
"Beijing Sensoro Technology Co.,Ltd.",
"Beijing Topsec Network Security Technology Co., Ltd.",
"Beijing Venustech Cybervision Co.,Ltd.",
"Beijing Zhongdun Security Technology Development Co.",
"Berkeley Camera Engineering",
"Bi2-Vision",
"Blue Chip Technology Ltd",
"Bluechips Microhouse Co.,Ltd.",
"Bosch Security Systems",
"Bosch Security Systems B.V.",
"Bosch Security Systems BV",
"Bosch Security Systems, Inc.",
"Business Security OL AB",
"Büchi  Labortechnik AG",
"C8 MediSensors, Inc.",
"CABLE TELEVISION LABORATORIES, INC.",
"CARLO GAVAZZI CONTROLS SPA-Controls Division",
"CHIPCOM CORPORATION",
"CHIPS & Systems, Inc.",
"CHIPSEA TECHNOLOGIES (SHENZHEN) CORP.",
"COMMUNICATIONS ELECTRONICS SECURITY GROUP",
"COMMVISION CORP.",
"COMPUTERVISION CORPORATION",
"CONVISION TECHNOLOGY GMBH",
"COP SECURITY SYSTEM CORP.",
"Cable Vision Electronics CO., LTD.",
"Cablevision",
"CacheVision, Inc",
"Canon Imaging Systems Inc.",
"Carrier Fire & Security",
"Cellvision Systems, Inc.",
"Changzhou Uchip Electronics Co., LTD.",
"Cheerchip Electronic Technology (ShangHai) Co., Ltd.",
"Chemoptics Inc.",
"Chengdu ChipIntelli Technology Co., Ltd",
"Chengdu Vision-Zenith Tech.Co,.Ltd",
"Chip PC Ltd.",
"Chip-pro Ltd.",
"Chip2Chip",
"ChipER Technology co. ltd",
"Chipsea Technologies (Shenzhen) Corp.",
"Chipsguide technology CO.,LTD.",
"Chipsip Technology Co., Ltd.",
"Chuango Security Technology Corporation",
"Chubb Electronic Security Systems Ltd",
"CipherOptics",
"Cloud Vision Networks Technology Co.,Ltd.",
"Clovertech, Inc.",
"Cogent Defence & Security Networks",
"Cohu, Inc., Electronics Division",
"Color-Chip",
"Communications & Power Industries / Satcom Division",
"ConferTech International",
"Consolidated Resource Imaging",
"Cortex Security Inc",
"Creative Chips GmbH",
"Crystal Vision Ltd",
"CyberOptics Corporation",
"Cybertech Inc.",
"Cybertech Telecom Development",
"DATASENSOR S.p.A.",
"DATEX DIVISION OF",
"DC Security Products",
"DRS Imaging and Targeting Solutions",
"DRTECH",
"Dansensor A/S",
"DarbeeVision Inc.",
"Darim Vision",
"Dawevision Ltd",
"Dea Security",
"Dex Security Solutions",
"Dome Imaging Inc",
"Dragonchip Limited",
"Dynavisions Schweiz AG",
"ELECOM Co.,LTD Laneed Division",
"ELECTRONICS FOR IMAGING, INC.",
"ETROVISION TECHNOLOGY",
"EURO PROTECTION SURVEILLANCE",
"EXPLORER HYPERTECH CO.,LTD",
"Electro-Optical Imaging, Inc.",
"Emergent Vision Technologies Inc.",
"Emerson Network Power, Avocent Division",
"En-Vision America, Inc.",
"Engineering & Security",
"Enhanced Vision",
"Envision Peripherals Inc",
"Envisionnovation Inc",
"Ericsson Television Limited",
"EutroVision System, Inc.",
"Exartech International Corp.",
"FEI Electron Optics",
"Fastec Imaging Corporation",
"Finest Security Systems Co., Ltd",
"Frauscher Sensortechnik",
"GALEA NETWORK SECURITY",
"GE Security",
"GEMSOC INNOVISION INC.",
"GIGAVISION srl",
"GUANGZHOU CHIP TECHNOLOGIES CO.,LTD",
"GVI SECURITY INC.",
"Galaxis Technology AG",
"Gardasoft VisionLimited",
"Garde Security AB",
"GeoVision Inc.",
"Gigabit Optics Corporation",
"Goodrich Sensor Systems",
"HANWHA VISION VIETNAM COMPANY LIMITED",
"HYDAC Filtertechnik GMBH",
"HYPERCHIP Inc.",
"Haivision Network Video",
"Hangzhou Hikvision Digital Technology Co.,Ltd.",
"Hanwha Vision VietNam",
"Heimann Sensor GmbH",
"Hitachi Maxell, Ltd., Optronics Division",
"HiteVision Digital Media Technology Co.,Ltd.",
"Hivision Co.,ltd",
"Honeywell Security (China) Co., Ltd.",
"HyBroad Vision (Hong Kong) Technology Co Ltd",
"ICARVISIONS (SHENZHEN) TECHNOLOGY CO., LTD.",
"ICHIPS Co., Ltd.",
"IDEO Security Co., Ltd.",
"IDS Imaging Development Systems GmbH",
"IMLOGIX, DIVISION OF GENESYS",
"IN2 GROUPE INTERTECHNIQUE",
"INDIGO ACTIVE VISION SYSTEMS LIMITED",
"INTERSENSOR S.R.L.",
"INTERTECH",
"IQinVision",
"IRIS SENSORS",
"ITX Security Co., Ltd.",
"ITX security",
"Ignis Optics, Inc.",
"Imaging Diagnostics",
"Imaging Solutions Group",
"Indigo Security Co., Ltd.",
"Infiniti Electro-Optics",
"InnoVISION Multimedia Ltd.",
"Innominate Security Technologies AG",
"Innova Security",
"Innovative Security Designs",
"InpegVision Co., Ltd",
"Intellivision Holdings, LLC",
"Intertech Services AG",
"IoT Security Group, SL",
"J125, NATIONAL SECURITY AGENCY",
"JANICH & KLASS COMPUTERTECHNIK",
"JUMP INDUSTRIELLE COMPUTERTECHNIK GmbH",
"Japan Computer Vision Corp.",
"Jiangxi Gosun Guard Security Co.,Ltd",
"Jinan Jovision Science & Technology Co., Ltd.",
"Jovision Technology Co., Ltd.",
"KBVISION GROUP",
"Karl Storz Imaging",
"LANOPTICS, LTD.",
"LEGO System A/S IE Electronics Division",
"LT SECURITY INC",
"LaVision GmbH",
"Lartech telecom LLC",
"LeCroy - Networking Productions Division",
"Leaf Imaging Ltd.",
"LeddarTech Inc.",
"Leica Camera AG",
"Leutron Vision",
"LightChip, Inc.",
"Lucid Vision Labs",
"Lumens Digital Optics Inc.",
"MACROVISION CORPORATION",
"MDI Security Systems",
"MERCURY SECURITY CORPORATION",
"MIARTECH (SHANGHAI),INC.",
"ML vision Co.,LTD",
"MMC-EMBEDDED COMPUTERTECHNIK GmbH",
"MXCHIP Company Limited",
"Macat Optics & Electronics Co., Ltd.",
"Mamiya Digital Imaging Co., Ltd.",
"MaxVision LLC",
"Mega Vision",
"MegaChips Corporation",
"Mesa Imaging",
"Micro Vision Co.,LTD",
"Microchip Technologies Inc",
"Microchip Technology Inc.",
"Milton Security Group LLC",
"Miovision Technologies Incorporated",
"Moda-InnoChips",
"ModuVision Technologies",
"Multivision Intelligent Surveillance (Hong Kong) Ltd",
"Mx Imaging",
"NANJING IOT SENSOR TECHNOLOGY CO,LTD",
"NDS Surgical Imaging",
"NETVISION CORPORATION",
"NETWORK SECURITY SYSTEMS, INC.",
"NEXTVISION SISTEMAS DIGITAIS DE TELEVISÃO LTDA.",
"NOVAMEDIA INNOVISION SP. Z O.O.",
"Nagravision SA",
"Napco Security Technologies",
"Natural Security SAS",
"Net Optics",
"Net Vision Telecom",
"NetChip Technology, Inc.",
"Nethra Imaging Incorporated",
"New Business Division/Rhea-Information CO., LTD.",
"Next Level Security Systems, Inc.",
"NiceTechVision",
"Nippon Electro-Sensory Devices",
"Nordwestdeutsche Zählerrevision",
"Nortech International",
"Novera Optics Korea, Inc.",
"Novi Security",
"Novus Security Sp. z o.o.",
"Nuance Document Imaging",
"OMNIVISION",
"OPT Machine Vision Tech Co., Ltd",
"OPTIVISION, INC.",
"OSI Security Devices",
"Ocean Optics, Inc.",
"OctoGate IT Security Systems GmbH",
"Olympus Soft Imaging Solutions GmbH",
"Online Security Pty. Ltd.",
"Openpath Security, Inc.",
"Opticon Sensors Europe B.V.",
"OzVision America LLC",
"PANOPTICS CORP.",
"PARKER HANNIFIN CORPORATION COMPUMOTOR DIVISION",
"PIXEL VISION",
"PNI sensor corporation",
"PORTech Communications, Inc.",
"POWERTECH INDUSTRIAL CO., LTD.",
"PPT Vision, Inc.",
"PRO-VISION, Inc.",
"PROVISION THAI CO., LTD.",
"Packet Vision Ltd",
"Pandachip Limited",
"ParTech Inc.",
"Paradox Security Systems Ltd",
"Parker Hannifin GmbH Electromechanical Division Europe",
"ParkerVision - Direct2Data",
"Peerless Instrument Division of Curtiss-Wright",
"Picochip Ltd",
"Pivotal Optics",
"PixArt Imaging Inc.",
"Pixon Imaging",
"Powertech co.,Ltd",
"Powervision Tech Inc.",
"Powerwallz Network Security",
"Prama Hikvision India Private Limited",
"ProMinent Dosiertechnik GmbH",
"ProTelevision Technologies A/S",
"ProVision Communications",
"Procenne Digital Security",
"Provision-ISR",
"Proximion Fiber Optics AB",
"QUALVISION TECHNOLOGY CO.,LTD",
"Quantitative Imaging Corporation",
"QuantumVision Corporation",
"RADVision, Ltd.",
"RCO Security AB",
"ROCKETCHIPS, INC.",
"RadChips, Inc.",
"Raster Vision Ltd",
"Real Vision Technology Co.,Ltd.",
"Recovision Technology Co., Ltd.",
"Remote Security Systems, LLC",
"S2 Security Corporation",
"SAYME WIRELESS SENSOR NETWORK",
"SCAN-OPTICS",
"SD Biosensor",
"SECURITY DYNAMICS TECHNOLOGIES, Inc.",
"SEH COMPUTERTECHNIK GMBH",
"SHANGHAI SURVEILLANCE TECHNOLOGY CO,LTD",
"SHENZHEN TECHNEWCHIP TECHNOLOGY CO.,LTD.",
"SKAIChips",
"SM Optics S.r.l.",
"SSH Communications Security Corp.",
"SSOMA SECURITY",
"ST Electronics (Info-Security) Pte Ltd",
"STEMMER IMAGING GmbH",
"Safety Vision, LLC",
"Samsung Electronics Co., Ltd., Memory Division",
"Schneider Electric Fire & Security Oy",
"Security Expert Co. Ltd",
"Security Expert Ltd.",
"Sensor Switch, Inc.",
"Sensor-Technik Wiedemann GmbH",
"SensorPush",
"SensorTec-Canada",
"Sensoria Corp.",
"Sensorist ApS",
"Sensormatic Electronics LLC",
"Sensory Networks Inc",
"Sentivision",
"Sentrus Government Systems Division, Inc",
"Shanghai DigiVision Technology Co., Ltd.",
"Shanghai Focus Vision Security Technology Co.,Ltd",
"Shanghai Genvision Industries Co.,Ltd",
"Shanghai MXCHIP Information Technology Co., Ltd.",
"Shanghai Net Miles Fiber Optics Technology Co., LTD.",
"Shenzhen Aero-Startech. Co.Ltd",
"Shenzhen ChipTrip Technology Co,Ltd",
"Shenzhen First Blue Chip Technology Ltd",
"Shenzhen GST Security and Safety Technology Limited",
"Shenzhen Gooxi Information Security CO.,Ltd.",
"Shenzhen Hankvision Technology CO.,LTD",
"Shenzhen Safe vision Technology Co.,LTD",
"Shenzhen Sunchip Technology Co., Ltd",
"Shenzhen Uvision-tech Technology Co.Ltd",
"Shenzhen VisionSTOR Technologies Co., Ltd",
"Sichuan Bihong Broadcast & Television New Technologies Co.,Ltd",
"Siemens AG Energy Management Division",
"Silicon Micro Sensors GmbH",
"Skylane Optics",
"SmartOptics AS",
"Smartchip Integrated Inc.",
"Society of Motion Picture & Television Engineers",
"Soft Imaging System GmbH",
"Solid Optics B.V.",
"Solid Optics EU N.V.",
"SonicSensory,Inc.",
"Sony Imaging Products & Solutions Inc.",
"Southern Vision Systems, Inc.",
"Stable Imaging Solutions LLC",
"Stanley Security Solutions",
"StarTech.com",
"Stereotaxis, Inc.",
"Sumavision Technologies Co.,Ltd",
"SuperVision",
"SuperVision Solutions LLC",
"Sur-Gard Security",
"Surveillance Pro Corporation",
"Suzhou SmartChip Semiconductor Co., LTD",
"Sychip Inc.",
"Synerchip Co., Ltd.",
"Synoptics Limited",
"Sypro Optics GmbH",
"System Sensor",
"System and Chips, Inc.",
"TANDBERG TELEVISION AS",
"TE Connectivity Sensor Solutions",
"TKH SECURITY,S.L.U.",
"TKH Security Solutions USA",
"TP Vision Belgium N.V. - innovation site Brugge",
"TP Vision Belgium NV",
"TPVision Europe B.V",
"TTTech Computertechnik AG",
"TechVision Holding Internation Limited",
"Technovision, Inc.",
"Techvision Intelligent Technology Limited",
"Telechips Inc",
"Telechips Inc.",
"Telechips, Inc.",
"Teledyne DALSA Professional Imaging",
"Thales e-Security Ltd.",
"The Imaging Source Europe",
"ThruVision Ltd",
"Trinity Security Systems,Inc.",
"Triple Domain Vision Co.,Ltd.",
"UNION CHIP TECHNOLOGY LIMITED",
"US Digital Television, Inc",
"Ultra Electronics Sonar System Division",
"Universal Biosensors Pty Ltd",
"VANGUARD SECURITY ENGINEERING CORP.",
"VDG-Security bv",
"VISION NETWARE CO.,LTD",
"VISION PRODUCTS PTY. LTD.",
"VISIONCOMM CO., LTD.",
"VISIONEE SRL",
"VISIONETICS INTERNATIONAL",
"VISIONITE INC.",
"VS Vision Systems GmbH",
"Valeo Schalter und Sensoren GmbH",
"Valeo Vision Systems",
"Varex Imaging",
"Varex Imaging Deutschland AG",
"Videology Imaging Solutions, Inc.",
"Villiger Security Solutions AG",
"Vision Components GmbH",
"Vision Information & Communications",
"Vision Research, Inc.",
"Vision Valley FZ LLC",
"VisionGlobal Network Corp.",
"VisionTek, Inc.",
"VisionVera International Co., Ltd.",
"Visionary Solutions, Inc.",
"Visioneered Image Systems",
"Visioneering Systems, Inc.",
"Visionhitech Co., Ltd.",
"Visionics Corporation",
"Visionscape Co., Ltd.",
"Visiontec da Amazônia Ltda.",
"Vista Imaging, Inc.",
"Vitec Group, Camera Dynamics Ltd",
"Vivotek, Inc.",
"WABTEC Transit Division",
"WUXI SKY CHIP INTERCONNECTION TECHNOLOGY CO.,LTD.",
"Wave7 Optics",
"Webpro Vision Technology Corporation",
"White Rodgers Division",
"WolfVision Gmbh",
"Wuhan Huagong Genuine Optics Technology Co., Ltd",
"Wuhan Zmvision Technology Co. Ltd.",
"XIAMENSHI C-CHIP TECHNOLOGY CO.,LTD",
"XYVISION INC.",
"Xian Zhisensor Technologies Co.,Ltd",
"Yi chip Microelectronics (Hangzhou) Co., Ltd",
"Yichip Microelectronics (Hangzhou) Co.,Ltd",
"Yoggie Security Systems LTD.",
"ZHEJIANG DAHUA TECHNOLOGYCO.,LTD",
"ZVISION Technologies Co., Ltd",
"ZYNUS VISION INC.",
"Zhejiang Broadcast&Television Technology Co.,Ltd.",
"Zhejiang Dahua Technology Co., Ltd.",
"dBm Optics",
"eflow Inc. / Smart Device Planning and Development Division",
"fitivision technology Inc.",
"iris-GmbH infrared & intelligent sensors",
"profichip GmbH",
"s.m.s smart microwave sensors GmbH",
"secunet Security Networks AG",
"securityplatform",
"wenglor sensoric gmbh",
"xiamenshi c-chip technology co., ltd",
"FN-LINK TECHNOLOGY LIMITED",
"FN-LINK TECHNOLOGY Ltd.",
"HUNAN FN-LINK TECHNOLOGY LIMITED",
"Shenzhen Trolink Technology CO, LTD",
"VTech Telecommunications Ltd."
""
